# image,trackID,cluster,clusterReject,class,classReject,x0,y0,x1,y1,xc,yc,trackDistance,deltaArea,speed,area,aspectRatio,texture,solidity,eMajor,eMinor,contourLen,perimeter,radius,mean,std
1.000000,0.000000,0.000000,0.000000,0.000000,0.000000,320.000000,255.000000,420.000000,328.000000,700.000000,556.500000,0.000000,0.000000,0.000000,1022.500000,2.853783,0.066027,0.537451,27.804638,80.271240,309.000000,367.404109,44.735432,332.893204,41.881111,2.722695,5.623548,9.237492,10.395526,-20.235484,-13.247145,20.706966,2.532321,0.015610,0.348392,0.227139,0.060748,0.036750,0.131210,0.240243,0.164438,0.072759,0.070205,0.075356,0.016716,0.113513,0.114238,0.139221,0.064927,0.075132,0.072072,0.090351,0.005178,0.079356,0.102738,0.108896,0.107134,159.938827,0.762434,336.335463,0.830609,14.975561,1185.403024,1.946126,2.568182,0.005466,1.676536,-0.438530,0.873126,28.627451,382.426941,15.862766,249.753265,1.122869,0.014932,0.008356,0.004247,0.003014,0.002192,0.000959,0.838630,0.122192,0.000000,0.000000,0.000000,0.000000
1.000000,0.000000,2.000000,0.000000,0.000000,0.000000,336.000000,0.000000,603.000000,625.000000,815.500000,309.000000,0.000000,0.000000,0.000000,74869.500000,2.926659,0.035326,0.673863,196.241608,624.987061,2131.000000,2524.088648,324.640411,361.489442,181.340578,2.916455,6.009668,9.779123,10.613338,21.437141,-14.644312,-20.821984,1.276499,0.057592,0.082630,0.105125,0.068271,0.054780,0.024312,0.027898,0.067545,0.132770,0.112091,0.111887,0.074179,0.016501,0.019818,0.037717,0.041747,0.030085,0.021672,0.025406,0.042642,0.036451,0.036217,0.012561,0.036601,73.796558,0.864734,272.740582,0.614076,22.258942,1017.165768,4.101327,5.924229,0.001568,2.833674,-0.371766,0.965442,654.411743,5710.611816,15.571418,243.555801,2.514262,0.021076,0.007670,0.006873,0.004644,0.002852,0.001666,0.561420,0.367077,0.000000,0.000000,0.000000,0.000000
2.000000,0.000000,2.000000,0.000000,0.000000,0.000000,341.000000,559.000000,889.000000,875.000000,966.000000,1286.000000,0.000000,0.000000,0.000000,82408.000000,2.244665,0.010164,0.830378,213.210510,563.941406,1674.000000,1938.268237,266.811646,671.261051,133.787606,2.957008,6.157562,10.384730,12.008160,23.280112,15.128001,23.470650,1.242698,0.024777,0.147043,0.231999,0.020580,0.048505,0.091309,0.070799,0.048487,0.005682,0.066840,0.063493,0.019014,0.037844,0.035261,0.037693,0.036603,0.054630,0.032826,0.032420,0.031413,0.018098,0.022028,0.045755,0.019600,78.605645,0.900459,394.791635,0.590154,34.173669,1500.560897,4.194257,6.151641,0.003127,2.928154,-0.364883,0.960460,679.090210,5643.540039,15.508236,242.216660,2.600336,0.020749,0.010764,0.003384,0.002460,0.002015,0.001207,0.538437,0.392492,0.000000,0.000000,0.000000,0.000000
2.000000,0.000000,0.000000,0.000000,0.000000,0.000000,688.000000,297.000000,1500.000000,1080.000000,1797.000000,1000.500000,0.000000,0.000000,0.000000,28570.500000,1.037565,0.002395,0.092397,280.774689,295.349365,2973.000000,3071.997036,556.234131,1078.433064,325.868703,2.300658,5.330157,6.259729,6.737584,-13.564989,-9.818597,-13.290204,4.809420,0.109663,0.276418,0.219805,0.363829,0.022364,0.049615,0.134349,0.180160,0.394815,0.225048,0.125030,0.324620,0.184565,0.162987,0.117762,0.181792,0.302473,0.102013,0.184090,0.383631,0.412464,0.123240,0.194569,0.034118,6.185883,0.855459,21.466397,0.986940,1.038260,79.679706,0.263596,0.313963,0.011953,0.181703,-0.656841,0.514093,2493.317627,38992.226562,15.874460,250.000397,0.167881,0.000999,0.001046,0.000230,0.000053,0.000019,0.000008,0.981329,0.010692,0.000000,0.000000,0.000000,0.000000
2.000000,0.000000,0.000000,0.000000,0.000000,0.000000,767.000000,195.000000,1245.000000,267.000000,1783.000000,436.000000,0.000000,0.000000,0.000000,2681.000000,17.141372,0.042655,0.294810,133.984222,609.555359,934.000000,1000.274166,229.556747,625.397216,396.051981,1.689195,3.382700,6.674084,7.038384,13.918551,8.909094,-14.385356,4.523777,0.167852,0.229258,0.290418,0.207193,0.260733,0.178367,0.153744,0.223736,0.281418,0.243979,0.319930,0.060711,0.088274,0.079645,0.160751,0.277220,0.276882,0.256037,0.325406,0.031549,0.141479,0.051693,0.050667,0.166834,1115.430999,0.254153,746.952971,0.901765,9.676954,1872.380883,1.222025,1.614289,0.003139,1.098674,-0.396637,0.737971,134.749023,1957.033203,15.871978,249.947922,0.679687,0.009153,0.002789,0.001308,0.000872,0.000145,0.000029,0.910129,0.075198,0.000000,0.000000,0.000000,0.000000
2.000000,0.000000,0.000000,0.000000,0.000000,0.000000,1228.000000,192.000000,1474.000000,259.000000,2589.000000,427.500000,0.000000,0.000000,0.000000,1324.500000,16.124647,0.054726,0.520534,13.849319,207.020920,513.000000,563.948265,114.728035,786.475634,557.018959,2.031820,4.067222,8.281107,9.148585,-18.346396,-11.406424,-17.888287,4.778567,0.080578,0.331028,0.293931,0.117239,0.087637,0.252521,0.326124,0.256909,0.120364,0.132310,0.095804,0.353988,0.179094,0.316869,0.210849,0.148284,0.111604,0.156355,0.095921,0.291380,0.191387,0.196109,0.266140,0.166145,1432.848149,0.271785,983.489718,0.894120,12.305677,2501.110724,1.313612,1.681028,0.003091,1.205226,-0.433178,0.776232,64.545097,932.660522,15.872353,249.955750,0.724827,0.012923,0.002730,0.001153,0.000607,0.000303,0.000789,0.905715,0.075173,0.000000,0.000000,0.000000,0.000000
2.000000,0.000000,1.000000,0.000000,0.000000,0.000000,0.000000,0.000000,1500.000000,1080.000000,750.000000,540.000000,0.000000,0.000000,0.000000,428750.000000,1.389249,0.002202,0.351166,1212.289062,1775.779663,6594.000000,7017.326236,923.477539,453.404914,436.883338,2.545186,5.461219,7.871328,8.829422,-17.181014,-11.594982,18.306273,4.418656,0.194862,0.184844,0.245388,0.266786,0.239112,0.058761,0.105411,0.210394,0.228929,0.231265,0.243777,0.198374,0.071910,0.191440,0.177692,0.108582,0.151036,0.258563,0.228572,0.241244,0.117224,0.146716,0.158482,0.159291,10.712218,0.919360,66.450523,0.892950,4.344975,255.089872,1.679087,2.134647,0.007241,1.040350,-0.476985,0.855060,6352.941406,84950.507812,15.801064,248.416229,0.974124,0.005204,0.003928,0.001344,0.000584,0.000405,0.000285,0.839982,0.130276,0.000000,0.000000,0.000000,0.000000
3.000000,0.000000,0.000000,0.000000,0.000000,0.000000,412.000000,338.000000,595.000000,470.000000,925.500000,752.000000,0.000000,0.000000,0.000000,2367.000000,5.471065,0.034940,0.470577,30.839874,177.525711,492.000000,588.925968,92.439270,446.685976,59.314564,2.350362,4.727441,8.511758,8.637168,17.211671,11.001564,19.074209,4.536065,0.066323,0.300576,0.309568,0.026774,0.088035,0.393616,0.224438,0.304441,0.048768,0.055371,0.085373,0.397726,0.209261,0.238745,0.280848,0.055672,0.021250,0.103752,0.069626,0.403528,0.172080,0.205689,0.228509,0.246097,74.462755,0.833771,223.871083,0.892129,9.825510,821.021575,1.334182,1.793344,0.007240,1.123110,-0.443295,0.799373,94.729408,1345.865601,15.869501,249.895615,0.791804,0.009025,0.003933,0.002774,0.001821,0.000869,0.000207,0.891787,0.085900,0.000000,0.000000,0.000000,0.000000
3.000000,0.000000,2.000000,0.000000,0.000000,0.000000,0.000000,305.000000,523.000000,1055.000000,264.000000,995.000000,0.000000,0.000000,0.000000,145108.500000,1.643743,0.037537,0.641773,391.111786,713.224182,4165.000000,4920.939707,382.527527,457.534094,256.523306,3.012483,6.425886,9.712903,10.687467,20.950475,13.960349,-21.187623,1.635798,0.040310,0.154394,0.227820,0.065052,0.021137,0.034438,0.072826,0.112376,0.116480,0.035727,0.024089,0.134939,0.054517,0.021063,0.033496,0.062040,0.103076,0.033546,0.028087,0.007201,0.068989,0.099204,0.045934,0.039056,67.640074,0.896158,325.654798,0.690781,22.424875,1234.979118,3.594386,5.099691,0.002724,2.473731,-0.410273,0.962878,1538.235352,15321.239258,15.748788,247.338867,2.219265,0.016892,0.005830,0.005423,0.003924,0.002381,0.001308,0.638310,0.302141,0.000000,0.000000,0.000000,0.000000
4.000000,0.000000,0.000000,0.000000,0.000000,0.000000,1453.000000,421.000000,1725.000000,712.000000,3052.000000,997.500000,0.000000,0.000000,0.000000,43184.500000,1.102253,0.026948,0.871516,222.990158,259.345673,1263.000000,1498.687503,141.654007,1083.245447,519.077161,3.182653,8.035239,10.624155,12.789461,-24.672249,-16.816085,24.623995,1.206834,0.009479,0.184292,0.044743,0.038223,0.077080,0.078347,0.042517,0.032144,0.075457,0.037635,0.046326,0.024130,0.014609,0.063969,0.049150,0.120285,0.079793,0.012085,0.015390,0.014275,0.043078,0.035658,0.057100,0.011068,96.599881,0.899365,479.925818,0.513112,40.733012,1823.103390,4.868854,7.207152,0.001543,3.342422,-0.331901,0.970177,310.399994,2222.698242,15.347249,238.814758,2.983084,0.022792,0.009842,0.006304,0.004409,0.003095,0.001642,0.465509,0.452471,0.000000,0.000000,0.000000,0.000000
4.000000,0.000000,0.000000,0.000000,0.000000,0.000000,1646.000000,360.000000,1849.000000,506.000000,3403.500000,803.000000,0.000000,0.000000,0.000000,10387.000000,1.454680,0.044537,0.715457,94.534981,158.112244,1352.000000,1498.631593,91.444069,1090.616494,659.485301,3.122978,6.903196,11.481594,11.612468,23.164504,15.071987,23.980659,1.264648,0.010351,0.244985,0.112597,0.046946,0.014730,0.118162,0.010245,0.045720,0.039020,0.038816,0.019307,0.123977,0.087676,0.061987,0.017352,0.026988,0.039543,0.023823,0.018333,0.004833,0.018505,0.040284,0.064543,0.035924,423.379232,0.671363,643.939804,0.628612,34.606461,2152.379986,3.641862,5.593081,0.002667,3.158297,-0.318824,0.930493,116.227448,1160.331543,15.784624,248.101166,2.289717,0.022471,0.012956,0.004859,0.002834,0.001856,0.000607,0.639247,0.296073,0.000000,0.000000,0.000000,0.000000
4.000000,0.000000,2.000000,0.000000,0.000000,0.000000,899.000000,0.000000,1405.000000,198.000000,2061.000000,94.000000,0.000000,0.000000,0.000000,63428.000000,2.593583,0.017337,0.759040,187.531906,546.709900,1770.000000,2023.498685,248.995087,620.118927,540.198976,2.928322,6.040295,10.627470,10.802410,21.533435,13.872371,22.090501,1.419285,0.107309,0.167394,0.127952,0.085052,0.121422,0.053711,0.015861,0.044462,0.040212,0.085136,0.072685,0.027682,0.027793,0.076581,0.086470,0.052627,0.003373,0.006422,0.031173,0.040827,0.033728,0.052208,0.031055,0.028150,105.344922,0.865116,390.527136,0.451733,35.920580,1456.763622,5.430563,8.035898,0.001294,3.597291,-0.325322,0.976514,392.894104,2281.401367,14.801953,227.236938,3.318963,0.024694,0.013814,0.005120,0.003334,0.002934,0.002126,0.382481,0.516319,0.000000,0.000000,0.000000,0.000000
5.000000,0.000000,0.000000,0.000000,0.000000,0.000000,1544.000000,490.000000,1605.000000,624.000000,3128.500000,1057.000000,0.000000,0.000000,0.000000,1984.000000,3.830229,0.053829,0.724220,27.609289,114.702507,270.000000,308.936073,56.535488,1062.846296,510.473564,2.816633,5.741495,9.912480,10.850027,-21.285708,-13.751366,-21.558396,1.763291,0.058168,0.225948,0.276797,0.063109,0.054321,0.111339,0.179592,0.177468,0.040036,0.056163,0.034774,0.006121,0.093299,0.065313,0.078896,0.027997,0.047875,0.022090,0.016795,0.052829,0.024391,0.007873,0.021682,0.020416,129.516387,0.879451,536.547353,0.756038,25.748272,2016.673025,2.779065,3.798245,0.004047,2.165150,-0.431417,0.935329,32.054901,378.190613,15.831650,249.094925,1.653666,0.017739,0.005383,0.004404,0.002569,0.001468,0.001957,0.741008,0.196354,0.000000,0.000000,0.000000,0.000000
5.000000,0.000000,0.000000,0.000000,0.000000,0.000000,946.000000,43.000000,1130.000000,118.000000,1994.000000,133.500000,0.000000,0.000000,0.000000,2029.500000,5.981534,0.035580,0.582437,22.676338,187.248093,425.000000,488.374671,83.573418,559.103529,484.983528,2.349218,4.722471,8.058756,8.131826,16.227147,10.496105,18.160386,3.557397,0.057732,0.288137,0.286814,0.106369,0.080039,0.333467,0.157236,0.268317,0.165298,0.018439,0.070502,0.240584,0.163002,0.100346,0.240779,0.079253,0.138826,0.048088,0.051129,0.104435,0.180172,0.091828,0.083595,0.203011,92.513709,0.863502,338.529828,0.857259,15.679592,1261.605601,1.854674,2.411613,0.006974,1.371521,-0.467471,0.876322,54.117645,722.029724,15.856433,249.619156,1.077789,0.016159,0.006957,0.003333,0.003116,0.002681,0.001812,0.837681,0.112826,0.000000,0.000000,0.000000,0.000000
5.000000,0.000000,2.000000,0.000000,0.000000,0.000000,1110.000000,0.000000,1744.000000,519.000000,2547.000000,262.000000,0.000000,0.000000,0.000000,115321.500000,1.827326,0.016645,0.686965,309.814178,647.246582,2277.000000,2705.711012,321.003357,821.866491,616.513886,2.983134,6.253114,11.150258,11.525037,22.897358,14.703649,-23.278170,1.746755,0.059871,0.186429,0.260009,0.100562,0.019868,0.042606,0.151921,0.113992,0.112388,0.055319,0.011413,0.045516,0.075532,0.031558,0.024949,0.071584,0.085014,0.041441,0.026785,0.068005,0.032025,0.046396,0.065824,0.017747,33.163053,0.912485,189.447870,0.793032,14.520136,724.628428,3.286031,4.234811,0.003628,1.760227,-0.547975,0.979070,1290.376465,13312.608398,15.702275,246.335190,2.017366,0.016141,0.003835,0.003279,0.002984,0.002790,0.002243,0.662366,0.231752,0.000000,0.000000,0.000000,0.000000
6.000000,0.000000,0.000000,0.000000,0.000000,0.000000,1829.000000,929.000000,1920.000000,1080.000000,3718.500000,1948.500000,0.000000,0.000000,0.000000,7016.500000,1.750000,0.028309,0.900822,75.298248,146.532394,405.000000,452.634557,73.048607,1453.497531,437.672622,3.083869,6.686119,9.893557,10.734462,21.073406,14.133055,-21.530797,1.203003,0.069000,0.053527,0.102437,0.075685,0.090188,0.069502,0.085710,0.018795,0.016447,0.042331,0.072067,0.013857,0.047873,0.044499,0.033783,0.026011,0.078477,0.034329,0.050533,0.001411,0.063365,0.038576,0.045470,0.029131,66.607367,0.882381,283.341618,0.642351,28.274694,1066.759107,4.498828,6.001013,0.003764,2.482678,-0.487763,0.989102,53.886276,410.890900,15.295921,237.659622,2.745410,0.024161,0.013099,0.006113,0.004294,0.003057,0.002402,0.491522,0.362273,0.000000,0.000000,0.000000,0.000000
6.000000,0.000000,0.000000,0.000000,0.000000,0.000000,0.000000,885.000000,339.000000,1080.000000,164.500000,1882.500000,0.000000,0.000000,0.000000,31855.000000,1.782609,0.024930,0.751430,160.926819,337.013031,1272.000000,1458.396092,169.889771,589.264151,424.781727,2.978137,6.294216,9.391471,9.856652,19.492131,13.018235,-20.125986,1.243198,0.094406,0.102831,0.118920,0.075845,0.075450,0.056529,0.048541,0.040261,0.072247,0.081240,0.027121,0.045783,0.050833,0.029108,0.055068,0.026770,0.009131,0.028220,0.019925,0.015856,0.058877,0.047648,0.028634,0.033952,58.668141,0.896289,282.900610,0.704512,27.667032,1072.934299,4.177167,5.531010,0.003331,2.261350,-0.499462,0.986897,259.235291,2117.393066,15.335339,238.486298,2.551430,0.024401,0.007080,0.005476,0.004932,0.004160,0.002783,0.523758,0.348113,0.000000,0.000000,0.000000,0.000000
6.000000,0.000000,0.000000,0.000000,0.000000,0.000000,1518.000000,761.000000,1598.000000,854.000000,3086.000000,1578.500000,0.000000,0.000000,0.000000,1813.500000,1.547337,0.039919,0.704135,41.084614,71.206032,233.000000,276.492422,37.792294,1184.139485,373.746569,3.073996,6.718979,10.482790,10.852369,21.533726,14.400128,22.125589,1.825139,0.008477,0.455096,0.125446,0.073668,0.025028,0.123699,0.207485,0.037603,0.021137,0.022836,0.043454,0.053786,0.062752,0.038879,0.059360,0.065124,0.048843,0.035823,0.048348,0.025532,0.085282,0.019564,0.083229,0.054687,108.480214,0.890701,495.938468,0.775727,25.648598,1875.273658,2.667751,3.560989,0.005425,1.918994,-0.451032,0.934399,29.176470,344.270050,15.814301,248.726669,1.570933,0.023387,0.007124,0.006317,0.006317,0.003226,0.002823,0.745430,0.187097,0.000000,0.000000,0.000000,0.000000
6.000000,0.000000,0.000000,0.000000,0.000000,0.000000,705.000000,692.000000,956.000000,877.000000,1545.500000,1486.500000,0.000000,0.000000,0.000000,15361.000000,1.486300,0.072165,0.603860,134.335999,202.159485,1300.000000,1527.817446,115.971764,809.800000,55.517038,3.027481,6.839298,9.537848,10.967531,-21.278316,-14.418244,-21.534928,1.328726,0.017193,0.211009,0.113791,0.046934,0.141987,0.038480,0.049402,0.070645,0.016294,0.090320,0.040395,0.073291,0.040755,0.020368,0.024105,0.046247,0.032721,0.069501,0.023633,0.042215,0.011416,0.078917,0.017527,0.011580,122.996422,0.852442,416.668680,0.686651,25.860241,1543.678300,3.409852,4.948003,0.003191,2.596651,-0.360529,0.940501,182.098038,1901.220581,15.780913,248.020340,2.080159,0.020480,0.007537,0.005707,0.004975,0.003166,0.001572,0.662668,0.273587,0.000000,0.000000,0.000000,0.000000
6.000000,0.000000,0.000000,0.000000,0.000000,0.000000,1486.000000,657.000000,1590.000000,796.000000,3034.000000,1393.500000,0.000000,0.000000,0.000000,4457.000000,1.442478,0.059353,0.649803,64.772575,108.400993,562.000000,666.381812,60.975479,1128.164591,408.417825,3.061385,6.805113,10.246893,10.796768,21.318600,14.237550,24.358061,1.418137,0.031689,0.262428,0.114564,0.041666,0.039564,0.079486,0.064336,0.053164,0.033989,0.019668,0.042899,0.075368,0.042055,0.040416,0.024975,0.036924,0.049445,0.040717,0.085615,0.045622,0.082826,0.027453,0.048587,0.034681,136.585280,0.850911,457.890620,0.709468,28.113382,1694.977201,3.230957,4.525344,0.003992,2.413139,-0.391446,0.942204,56.690197,607.446289,15.772367,247.837631,1.930401,0.027048,0.007609,0.007402,0.005603,0.003874,0.002421,0.677297,0.249654,0.000000,0.000000,0.000000,0.000000
6.000000,0.000000,0.000000,0.000000,0.000000,0.000000,1683.000000,573.000000,1840.000000,816.000000,3454.500000,1277.500000,0.000000,0.000000,0.000000,20461.500000,1.632353,0.026657,0.851303,123.186729,218.630798,819.000000,966.874233,114.957703,1228.753358,536.892040,3.120627,6.811392,12.347707,13.496772,26.569446,16.904841,26.569606,0.926805,0.006895,0.022130,0.056611,0.033815,0.033346,0.098783,0.101262,0.127152,0.017800,0.003304,0.020182,0.036040,0.032009,0.044185,0.013415,0.018707,0.021509,0.006914,0.019204,0.025714,0.020760,0.055529,0.042968,0.068570,71.064488,0.893840,334.680911,0.644608,33.485901,1267.659155,4.666444,6.168429,0.003494,2.455211,-0.492807,0.990795,149.611771,1090.514282,15.204759,235.731857,2.820681,0.025871,0.009253,0.007182,0.005321,0.004299,0.002700,0.469345,0.370580,0.000000,0.000000,0.000000,0.000000
6.000000,0.000000,0.000000,0.000000,0.000000,0.000000,117.000000,507.000000,231.000000,604.000000,301.000000,1072.500000,0.000000,0.000000,0.000000,2858.500000,1.101868,0.087900,0.548551,67.858612,79.643105,569.000000,664.683327,48.014225,361.647627,190.311819,2.990415,6.909924,9.667829,10.834965,-22.388353,-14.518705,21.086903,1.661563,0.006209,0.303633,0.116613,0.083853,0.105667,0.030920,0.096856,0.075480,0.062315,0.046066,0.048577,0.039976,0.017752,0.124858,0.050971,0.050430,0.019028,0.067695,0.040299,0.063354,0.049466,0.122763,0.036659,0.002123,221.031235,0.811550,586.125174,0.720021,28.685331,2123.469461,3.029623,4.236801,0.003657,2.489816,-0.356899,0.916214,43.364704,494.475922,15.813993,248.720428,1.766478,0.020438,0.007235,0.006240,0.004702,0.003708,0.002080,0.715952,0.226623,0.000000,0.000000,0.000000,0.000000
6.000000,0.000000,0.000000,0.000000,0.000000,0.000000,284.000000,446.000000,479.000000,662.000000,675.500000,1010.000000,0.000000,0.000000,0.000000,20616.000000,1.139119,0.048433,0.749932,170.393280,176.805542,1016.000000,1202.396092,103.486000,465.246063,103.083114,3.142090,10.994715,10.654067,11.441091,-22.529544,17.101669,-22.871439,1.270961,0.009952,0.096070,0.015920,0.073776,0.085041,0.125522,0.027810,0.105768,0.056599,0.025165,0.057863,0.052429,0.029862,0.028853,0.077431,0.068483,0.028341,0.028172,0.051188,0.036560,0.060663,0.016214,0.065055,0.048222,98.188131,0.875812,395.271722,0.584993,33.797619,1482.898757,4.446574,6.386442,0.002374,2.999739,-0.371494,0.971677,165.176468,1318.897217,15.450472,240.983871,2.703438,0.025689,0.007645,0.008357,0.006838,0.005128,0.003799,0.514174,0.386657,0.000000,0.000000,0.000000,0.000000
6.000000,0.000000,0.000000,0.000000,0.000000,0.000000,908.000000,230.000000,1150.000000,529.000000,1947.000000,619.500000,0.000000,0.000000,0.000000,31181.000000,1.619315,0.027405,0.746064,158.340668,311.713806,1026.000000,1219.851936,141.192917,705.874269,332.585014,3.028418,6.506555,10.315976,10.994283,21.650612,14.249461,22.778783,1.688088,0.037892,0.099972,0.176343,0.048706,0.047525,0.158429,0.064170,0.077387,0.067034,0.072086,0.020037,0.020050,0.040752,0.139856,0.106582,0.062176,0.056314,0.062831,0.055182,0.030026,0.078055,0.105046,0.041284,0.020354,55.408428,0.894843,263.401847,0.686606,20.519345,998.198960,4.002486,5.419057,0.003192,2.383133,-0.465022,0.980615,283.756866,2553.130615,15.599182,244.138168,2.436522,0.020012,0.006205,0.005141,0.005003,0.003621,0.003220,0.579148,0.305605,0.000000,0.000000,0.000000,0.000000
6.000000,0.000000,0.000000,0.000000,0.000000,0.000000,1625.000000,129.000000,1880.000000,477.000000,3387.500000,442.000000,0.000000,0.000000,0.000000,23146.000000,1.946309,0.061539,0.568077,145.109451,314.059509,1892.000000,2231.655101,166.797134,1021.304440,733.654751,2.880265,6.032473,9.312540,9.928383,19.579559,13.017264,-19.988732,1.961208,0.070049,0.234339,0.232693,0.097980,0.073427,0.089951,0.184865,0.082395,0.035095,0.052366,0.116784,0.036227,0.098408,0.067442,0.024908,0.036540,0.113322,0.061453,0.074061,0.009192,0.057079,0.062790,0.014006,0.035835,137.070890,0.890999,628.596716,0.748848,28.190337,2377.315976,2.818592,4.075041,0.002463,2.252819,-0.359716,0.911702,348.000000,4039.047607,15.820644,248.860962,1.714831,0.015641,0.005443,0.004541,0.003155,0.002851,0.001454,0.733795,0.217613,0.000000,0.000000,0.000000,0.000000
6.000000,0.000000,0.000000,0.000000,0.000000,0.000000,1621.000000,33.000000,1758.000000,229.000000,3320.500000,174.000000,0.000000,0.000000,0.000000,8612.000000,1.378061,0.083383,0.605222,103.829681,149.194778,1044.000000,1234.538228,87.522957,922.821360,775.448834,3.007283,6.641414,9.758394,11.629952,-22.383803,-15.063026,22.633747,1.344464,0.024025,0.194931,0.145617,0.066063,0.087391,0.056600,0.106300,0.027077,0.058499,0.058514,0.079745,0.034385,0.050959,0.050046,0.034261,0.016706,0.010779,0.041280,0.022936,0.009341,0.025818,0.079435,0.021313,0.042444,210.068587,0.827825,609.829605,0.679905,31.948680,2229.249831,3.447396,5.002304,0.002215,2.750642,-0.340551,0.932742,105.301964,1107.126831,15.785464,248.116470,2.073838,0.020036,0.008007,0.005921,0.005102,0.002607,0.001527,0.665500,0.273872,0.000000,0.000000,0.000000,0.000000
6.000000,0.000000,0.000000,0.000000,0.000000,0.000000,378.000000,0.000000,502.000000,66.000000,828.000000,28.000000,0.000000,0.000000,0.000000,2864.500000,1.872727,0.050953,0.735147,49.576698,98.738953,303.000000,348.977703,51.843967,233.328383,212.760931,3.054382,6.621020,9.798553,10.728693,21.021218,14.042672,21.444527,0.968027,0.023453,0.209179,0.149914,0.015188,0.061860,0.036365,0.044203,0.018563,0.020398,0.019064,0.036355,0.034063,0.036038,0.016089,0.005768,0.021641,0.019732,0.036430,0.036480,0.035609,0.028600,0.025890,0.024855,0.012290,110.460291,0.899849,551.312970,0.679523,34.048078,2094.791591,3.489994,4.864575,0.004041,2.549139,-0.402570,0.955362,32.094116,323.340668,15.706345,246.430023,2.095730,0.023949,0.009164,0.008675,0.006476,0.005010,0.002810,0.637341,0.277615,0.000000,0.000000,0.000000,0.000000
7.000000,0.000000,0.000000,0.000000,0.000000,0.000000,408.000000,341.000000,594.000000,469.000000,919.000000,756.000000,0.000000,0.000000,0.000000,2787.000000,5.612827,0.032930,0.541428,29.247133,187.186859,430.000000,513.671135,90.979492,448.432558,60.776632,2.473056,4.979645,9.852807,10.817830,-23.227299,-14.334650,-21.153163,4.419987,0.023145,0.447782,0.233657,0.102452,0.040867,0.435757,0.277905,0.203706,0.089573,0.088896,0.069103,0.310917,0.320785,0.197511,0.183858,0.080969,0.093905,0.106426,0.086041,0.216256,0.270479,0.224524,0.150886,0.164584,68.725308,0.866931,258.097977,0.878191,11.489381,963.666599,1.502102,2.037278,0.006678,1.227679,-0.450438,0.832598,93.364708,1299.754150,15.867602,249.855545,0.903610,0.010711,0.004578,0.002940,0.001512,0.001050,0.000630,0.874328,0.097782,0.000000,0.000000,0.000000,0.000000
7.000000,0.000000,2.000000,0.000000,0.000000,0.000000,0.000000,303.000000,518.000000,1009.000000,260.000000,969.000000,0.000000,0.000000,0.000000,143895.000000,1.540874,0.040366,0.681754,400.469757,675.653320,4018.000000,4751.986390,367.515656,449.621951,250.974897,3.024973,6.467023,9.865225,11.086507,21.671764,14.403761,-21.763663,1.619895,0.032756,0.152441,0.227769,0.078084,0.020328,0.034724,0.060791,0.113631,0.100273,0.054206,0.023738,0.141144,0.049562,0.040983,0.027108,0.056061,0.084743,0.031932,0.020601,0.002423,0.078652,0.099245,0.034418,0.054283,74.663627,0.887235,331.025786,0.679734,23.498930,1249.439517,3.769578,5.350360,0.002218,2.560171,-0.407510,0.966631,1434.149048,13748.165039,15.717415,246.672699,2.324212,0.015756,0.005685,0.005012,0.003708,0.002349,0.001411,0.613044,0.323884,0.000000,0.000000,0.000000,0.000000
9.000000,0.000000,0.000000,0.000000,0.000000,0.000000,1563.000000,915.000000,1660.000000,1014.000000,3184.500000,1889.500000,0.000000,0.000000,0.000000,4067.500000,1.063707,0.096741,0.864690,71.554985,77.506752,259.000000,304.977703,43.382450,1287.416988,324.964958,3.184393,8.340566,10.844334,13.040871,-24.997310,-17.621209,25.588226,1.447458,0.000000,0.374701,0.041351,0.017449,0.049449,0.092640,0.075861,0.023420,0.031251,0.101248,0.011249,0.120921,0.021576,0.026513,0.025289,0.017101,0.071675,0.033808,0.014276,0.122945,0.055151,0.039160,0.064280,0.016143,185.235700,0.864054,681.005877,0.584330,41.311085,2538.787807,4.162984,6.123921,0.001875,3.266928,-0.346185,0.960214,37.658825,338.148438,15.682087,245.924377,2.536203,0.021452,0.008331,0.008018,0.003645,0.001770,0.000937,0.572217,0.359679,0.000000,0.000000,0.000000,0.000000
9.000000,0.000000,2.000000,0.000000,0.000000,0.000000,994.000000,703.000000,1513.000000,1064.000000,2257.500000,1596.500000,0.000000,0.000000,0.000000,109831.000000,1.189402,0.016204,0.916014,321.633820,458.511505,1558.000000,1828.067227,250.125793,1064.567073,238.379521,3.176805,7.436819,10.958948,12.049988,23.554897,15.774339,-24.900646,1.886558,0.155423,0.079684,0.017537,0.169124,0.087063,0.244294,0.027138,0.041093,0.104974,0.093526,0.065691,0.004022,0.029892,0.010124,0.042591,0.070165,0.091759,0.056835,0.073987,0.143546,0.037899,0.064065,0.114243,0.061883,39.421969,0.890942,180.709332,0.734110,16.022466,683.415358,4.422372,5.571475,0.003276,2.090376,-0.553548,0.992760,734.741150,5397.507324,14.582344,221.674637,2.663255,0.017517,0.004830,0.004595,0.003453,0.002722,0.001697,0.485272,0.366089,0.000000,0.000000,0.000000,0.000000
10.000000,0.000000,2.000000,0.000000,0.000000,0.000000,1104.000000,45.000000,1375.000000,684.000000,2353.500000,419.500000,0.000000,0.000000,0.000000,108764.000000,2.446804,0.010995,0.813542,246.301437,656.937622,1760.000000,2006.042842,312.640900,804.601420,463.139477,2.972554,6.182675,10.883746,12.141145,23.660325,15.238173,24.411168,1.778808,0.075039,0.004154,0.035870,0.031860,0.036864,0.123400,0.122296,0.209266,0.048908,0.036604,0.027714,0.143971,0.092393,0.124960,0.095290,0.031588,0.020926,0.054499,0.034628,0.069833,0.013581,0.020670,0.173794,0.150699,34.474402,0.916689,206.860546,0.658313,19.879005,792.967781,4.942370,6.242983,0.004353,2.154391,-0.535298,0.993498,679.094116,4286.437500,14.230064,214.472183,2.946363,0.011642,0.008639,0.001848,0.000936,0.000803,0.000739,0.402278,0.401140,0.000000,0.000000,0.000000,0.000000
11.000000,0.000000,0.000000,0.000000,0.000000,0.000000,232.000000,883.000000,363.000000,967.000000,539.500000,1818.000000,0.000000,0.000000,0.000000,1489.000000,3.111702,0.058979,0.470235,34.419518,104.418968,360.000000,425.445739,59.053043,608.452778,318.056263,2.568517,5.201651,9.574637,10.168757,20.058320,12.794398,20.591685,3.379459,0.041103,0.324152,0.275897,0.049826,0.074610,0.204679,0.323659,0.193908,0.043262,0.060188,0.117120,0.048888,0.335718,0.192104,0.116710,0.048401,0.102114,0.038541,0.129920,0.075200,0.214327,0.231214,0.092738,0.045180,124.675745,0.827830,361.805997,0.844173,15.145122,1322.548244,1.825712,2.434909,0.006007,1.546285,-0.436032,0.861356,43.152943,583.084412,15.864377,249.787369,1.065726,0.015176,0.005089,0.002908,0.003453,0.002090,0.001272,0.848237,0.115140,0.000000,0.000000,0.000000,0.000000
11.000000,0.000000,2.000000,0.000000,0.000000,0.000000,0.000000,152.000000,722.000000,928.000000,359.000000,702.000000,0.000000,0.000000,0.000000,146514.500000,2.433802,0.019398,0.693023,295.412231,881.437012,3619.000000,4297.895989,441.786072,441.740398,234.446016,2.959869,6.159201,9.710701,10.203452,20.165302,13.295008,-20.991908,2.276470,0.047492,0.326923,0.226584,0.052102,0.005663,0.032196,0.266184,0.126476,0.048907,0.010788,0.057401,0.166394,0.103726,0.148137,0.046157,0.045146,0.043203,0.001631,0.118018,0.126901,0.108195,0.047893,0.087720,0.032632,36.363128,0.913012,208.990977,0.799207,13.916562,799.600780,2.655331,3.611261,0.004290,1.752803,-0.482902,0.948165,2197.145020,25740.812500,15.819823,248.843552,1.647246,0.011352,0.003900,0.003334,0.002656,0.001696,0.001190,0.745251,0.206243,0.000000,0.000000,0.000000,0.000000
12.000000,0.000000,0.000000,0.000000,0.000000,0.000000,1568.000000,909.000000,1788.000000,1080.000000,3261.000000,1918.500000,0.000000,0.000000,0.000000,21630.000000,1.306250,0.018102,0.986320,141.937637,238.031631,606.000000,668.960458,130.016495,1363.667492,350.591244,3.109815,6.902125,9.897165,11.167923,21.746920,14.762946,-22.058151,1.689082,0.042286,0.168087,0.159260,0.095494,0.104210,0.006773,0.040900,0.085876,0.111716,0.096643,0.082802,0.052426,0.059012,0.049851,0.002593,0.038811,0.047143,0.050259,0.062903,0.068324,0.072507,0.082422,0.073326,0.035458,32.560299,0.931033,236.232502,0.784568,26.351638,912.369708,4.763063,5.595924,0.005859,1.579969,-0.661195,0.997924,147.529419,1001.809937,14.836129,227.691193,2.895921,0.012174,0.008985,0.002472,0.002339,0.001542,0.000851,0.429426,0.317943,0.000000,0.000000,0.000000,0.000000
12.000000,0.000000,0.000000,0.000000,0.000000,0.000000,1300.000000,837.000000,1368.000000,972.000000,2644.000000,1751.500000,0.000000,0.000000,0.000000,1747.000000,2.439221,0.040414,0.511342,44.715668,107.498230,328.000000,381.847760,57.528236,1116.605183,222.456980,2.708135,5.613373,8.348680,8.665525,17.173257,11.472233,18.441505,2.138149,0.085525,0.183142,0.276302,0.048387,0.042934,0.103940,0.217643,0.128784,0.076033,0.070277,0.061574,0.076289,0.105799,0.088635,0.038296,0.075600,0.041441,0.028537,0.090152,0.072768,0.018118,0.084027,0.102048,0.021899,112.366922,0.904434,587.387084,0.917792,25.118994,2237.181415,1.585545,1.775640,0.011662,0.766742,-0.562468,0.865210,36.000000,457.424469,15.512784,242.046265,0.845770,0.014924,0.007625,0.004902,0.002832,0.002832,0.001961,0.792375,0.141068,0.000000,0.000000,0.000000,0.000000
12.000000,0.000000,0.000000,0.000000,0.000000,0.000000,1355.000000,737.000000,1455.000000,849.000000,2770.000000,1540.000000,0.000000,0.000000,0.000000,3984.500000,1.245583,0.033393,0.759966,64.930016,92.394974,323.000000,381.404109,51.451534,1098.662539,306.056452,3.132777,7.111247,10.645421,11.474760,22.640808,15.159661,22.741491,1.496543,0.014287,0.389724,0.092583,0.026242,0.024256,0.002642,0.084957,0.055090,0.051353,0.034627,0.026958,0.117922,0.043019,0.049593,0.056213,0.020034,0.039655,0.072726,0.026653,0.015043,0.061682,0.076496,0.066989,0.047801,92.383177,0.942924,809.035808,0.874479,44.098273,3143.760056,2.414435,2.742028,0.009499,1.024481,-0.577184,0.943689,43.921570,453.831757,14.549210,220.313370,1.323395,0.017679,0.012946,0.006250,0.003661,0.003482,0.001696,0.643661,0.272054,0.000000,0.000000,0.000000,0.000000
12.000000,0.000000,0.000000,0.000000,0.000000,0.000000,1414.000000,732.000000,1543.000000,918.000000,2902.500000,1567.000000,0.000000,0.000000,0.000000,7346.500000,2.952853,0.023756,0.820288,59.489914,169.811539,487.000000,581.854900,93.495972,1152.488706,331.219505,2.973408,6.160265,10.727605,11.208491,22.177909,14.289618,-23.277310,1.500628,0.015625,0.302566,0.212271,0.035081,0.032236,0.110311,0.133775,0.127835,0.018795,0.012335,0.045590,0.009321,0.016684,0.024440,0.062280,0.009530,0.032671,0.025402,0.037828,0.045262,0.086910,0.031457,0.050356,0.022068,64.378379,0.954395,705.623245,0.882267,36.355034,2758.114600,2.374729,2.735973,0.009291,1.018508,-0.605087,0.951735,94.094116,1035.826904,15.324203,238.014328,1.349843,0.019797,0.006752,0.003959,0.003584,0.003084,0.001709,0.693965,0.225806,0.000000,0.000000,0.000000,0.000000
12.000000,0.000000,0.000000,0.000000,0.000000,0.000000,1426.000000,711.000000,1490.000000,788.000000,2894.000000,1470.500000,0.000000,0.000000,0.000000,1427.500000,1.227228,0.034497,0.842929,38.534130,52.222958,151.000000,174.610172,28.443024,1103.913907,354.577109,3.158584,7.473760,11.674855,11.833676,23.721543,15.740583,-23.756800,1.675909,0.000000,0.454122,0.066185,0.035259,0.013174,0.039770,0.111506,0.046640,0.016509,0.039542,0.034077,0.174706,0.046765,0.082851,0.045118,0.043870,0.055745,0.060098,0.025725,0.035527,0.084767,0.044177,0.093654,0.026123,97.570024,0.933234,730.126452,0.878880,36.355038,2822.935782,2.228572,2.558964,0.009519,1.048306,-0.570637,0.932172,19.325491,216.922394,15.195451,235.027679,1.222096,0.023133,0.007508,0.005885,0.003450,0.001826,0.001015,0.703734,0.218750,0.000000,0.000000,0.000000,0.000000
12.000000,0.000000,0.000000,0.000000,0.000000,0.000000,1472.000000,490.000000,1599.000000,648.000000,3017.500000,1069.000000,0.000000,0.000000,0.000000,6296.500000,1.703865,0.033589,0.671054,74.604691,138.764801,571.000000,679.109733,81.145035,1055.313485,485.241255,2.992947,6.376750,10.944174,10.839907,22.344110,14.431221,21.745304,1.676537,0.016788,0.278629,0.176650,0.053246,0.034657,0.076121,0.052626,0.159190,0.070183,0.110913,0.019897,0.008494,0.044455,0.107502,0.080313,0.032724,0.069873,0.010511,0.030595,0.015246,0.027429,0.110373,0.053900,0.036222,91.779168,0.930113,656.435397,0.819109,35.843158,2533.962422,2.834334,3.491049,0.006688,1.506055,-0.520873,0.955699,78.690193,846.347473,15.582260,243.743698,1.622728,0.021031,0.008024,0.006429,0.004336,0.003439,0.001694,0.678212,0.233978,0.000000,0.000000,0.000000,0.000000
12.000000,0.000000,0.000000,0.000000,0.000000,0.000000,1206.000000,486.000000,1335.000000,661.000000,2486.500000,1069.500000,0.000000,0.000000,0.000000,10365.500000,1.070842,0.025426,0.848727,98.046600,143.972672,495.000000,579.913775,78.544670,919.601010,350.846923,3.149400,7.202832,11.358191,11.939066,24.420321,15.616686,-23.592439,0.953641,0.011049,0.173169,0.084752,0.037267,0.025989,0.077510,0.040941,0.056406,0.017317,0.011263,0.069386,0.034385,0.013302,0.050704,0.022427,0.041343,0.031704,0.015391,0.035877,0.035061,0.034140,0.007694,0.009897,0.016669,68.852657,0.954471,756.094256,0.804225,51.934214,2955.524366,3.575016,4.248261,0.006867,1.456816,-0.579438,0.983823,88.529411,762.667603,14.828363,227.330841,2.058301,0.023566,0.008771,0.006733,0.004474,0.003632,0.002702,0.543566,0.309369,0.000000,0.000000,0.000000,0.000000
12.000000,0.000000,1.000000,0.000000,0.000000,0.000000,501.000000,0.000000,1002.000000,1080.000000,1262.500000,540.000000,0.000000,0.000000,0.000000,417932.000000,2.297606,0.007282,0.890783,465.112854,1246.284790,3372.000000,3726.566789,575.378479,658.730279,297.289509,3.001211,6.264638,11.021761,11.456654,22.696023,14.592913,24.260072,1.587905,0.022929,0.034939,0.070869,0.068104,0.076407,0.064176,0.152306,0.028922,0.117285,0.068897,0.031967,0.016151,0.040639,0.113374,0.093909,0.051658,0.107687,0.035329,0.098060,0.063218,0.063192,0.118474,0.040338,0.009078,17.700479,0.936803,140.032414,0.782501,18.742080,542.429179,5.305526,6.057028,0.002110,1.485954,-0.667513,0.998790,2121.882324,9756.062500,10.404558,132.555054,3.148432,0.011775,0.005208,0.003051,0.002096,0.002026,0.001453,0.287109,0.409561,0.000000,0.000000,0.000000,0.000000
13.000000,0.000000,0.000000,0.000000,0.000000,0.000000,1731.000000,864.000000,1832.000000,961.000000,3522.500000,1786.500000,0.000000,0.000000,0.000000,4082.500000,1.022196,0.093804,0.890501,68.996910,80.224449,259.000000,309.948265,44.080235,1346.164093,437.113671,3.180163,7.998651,10.816777,13.173122,-26.741124,17.215668,25.168227,1.442118,0.000000,0.368480,0.056404,0.037489,0.046032,0.069742,0.086466,0.036355,0.068308,0.079744,0.022894,0.069724,0.008409,0.054441,0.026770,0.005547,0.060219,0.046396,0.012989,0.110893,0.089871,0.023575,0.054965,0.006407,175.468888,0.860966,630.772517,0.589479,38.663243,2347.621181,4.117923,6.048397,0.002461,3.226327,-0.350489,0.960544,38.419609,349.244873,15.699920,246.303299,2.511646,0.018679,0.008778,0.007247,0.003675,0.000919,0.001531,0.578749,0.355313,0.000000,0.000000,0.000000,0.000000
13.000000,0.000000,2.000000,0.000000,0.000000,0.000000,1312.000000,610.000000,1821.000000,1001.000000,2888.500000,1425.500000,0.000000,0.000000,0.000000,109511.000000,1.270104,0.018345,0.881728,335.314789,456.026581,1618.000000,1914.576893,247.890594,1176.365266,412.802233,3.184436,7.856984,11.138963,12.034695,23.645778,16.000762,-24.109523,1.940506,0.124731,0.077598,0.076805,0.217388,0.084988,0.205539,0.052141,0.051584,0.102476,0.042257,0.044111,0.022470,0.145751,0.101489,0.097491,0.120225,0.004672,0.086862,0.074527,0.048695,0.040210,0.030025,0.062281,0.026190,41.085865,0.878220,168.664154,0.738257,14.468028,633.570752,4.236889,5.381722,0.003457,2.095930,-0.540962,0.990520,780.466675,6031.396973,14.755124,225.600449,2.550527,0.015612,0.005010,0.004186,0.003527,0.002427,0.001784,0.505705,0.360383,0.000000,0.000000,0.000000,0.000000
14.000000,0.000000,0.000000,0.000000,0.000000,0.000000,894.000000,665.000000,984.000000,792.000000,1843.000000,1403.500000,0.000000,0.000000,0.000000,1905.000000,1.732625,0.052056,0.384577,51.674515,97.453384,462.000000,540.700572,54.233391,835.265152,110.926080,2.767330,6.243213,9.259261,9.884083,19.784150,13.032969,19.509818,2.647497,0.036982,0.199331,0.119307,0.022739,0.079296,0.110866,0.068420,0.048996,0.039599,0.160808,0.163960,0.024888,0.233423,0.136380,0.043819,0.045527,0.124854,0.218617,0.157627,0.092265,0.199820,0.171783,0.081024,0.067167,118.446674,0.800567,296.767338,0.821222,15.339190,1068.622679,2.134552,2.844725,0.006849,1.668306,-0.432477,0.889066,44.823528,580.508423,15.855974,249.609802,1.242900,0.022310,0.009274,0.005774,0.003062,0.001575,0.000962,0.815048,0.134033,0.000000,0.000000,0.000000,0.000000
14.000000,0.000000,0.000000,0.000000,0.000000,0.000000,749.000000,500.000000,868.000000,608.000000,1567.500000,1064.000000,0.000000,0.000000,0.000000,2267.000000,2.948980,0.043729,0.585108,37.091908,113.095566,344.000000,417.730010,57.982857,680.962209,128.429472,2.774837,5.692370,9.504826,10.076501,20.025886,13.223521,20.009772,2.938609,0.021799,0.341932,0.252252,0.043776,0.024799,0.222888,0.285860,0.156281,0.015447,0.097754,0.067399,0.120344,0.261422,0.146477,0.064584,0.044021,0.117324,0.081569,0.092769,0.011643,0.229646,0.126806,0.069262,0.042553,85.755035,0.860344,306.880685,0.825466,15.757295,1141.767703,2.121740,2.853633,0.005459,1.631132,-0.455867,0.901572,50.400002,650.418091,15.854505,249.578674,1.266770,0.016495,0.007625,0.004824,0.002723,0.002256,0.002023,0.811002,0.139122,0.000000,0.000000,0.000000,0.000000
14.000000,0.000000,0.000000,0.000000,0.000000,0.000000,757.000000,468.000000,865.000000,567.000000,1578.000000,995.500000,0.000000,0.000000,0.000000,1621.500000,2.796139,0.030958,0.508546,49.178673,92.885948,273.000000,319.806130,53.967682,655.904762,147.929923,2.709369,5.581436,8.740929,9.558256,-19.023009,-12.480736,-18.765804,3.923886,0.018088,0.395666,0.234383,0.148103,0.066415,0.268064,0.315068,0.145296,0.181724,0.087553,0.113223,0.240246,0.190598,0.256240,0.052428,0.213205,0.170352,0.010924,0.108037,0.235778,0.074999,0.188546,0.167869,0.041081,74.055510,0.891431,340.840673,0.851947,15.917244,1289.307182,1.857852,2.433069,0.007951,1.395311,-0.466903,0.878169,41.929413,558.088562,15.856349,249.617477,1.086654,0.013468,0.004209,0.002619,0.002525,0.003086,0.002619,0.835484,0.115507,0.000000,0.000000,0.000000,0.000000
14.000000,0.000000,0.000000,0.000000,0.000000,0.000000,988.000000,0.000000,1450.000000,344.000000,2217.000000,167.000000,0.000000,0.000000,0.000000,24191.500000,3.920734,0.025653,0.430691,115.577759,477.064453,2265.000000,2702.823710,256.850739,702.946578,544.699396,2.499196,5.058150,9.012577,9.478209,18.816581,12.273311,18.952619,3.825850,0.057348,0.308158,0.286856,0.105317,0.095409,0.369047,0.185430,0.255197,0.066281,0.104117,0.087993,0.246878,0.200255,0.167422,0.191773,0.114509,0.077955,0.137500,0.064275,0.165850,0.128763,0.141551,0.152700,0.115266,52.891728,0.911280,298.035820,0.858605,13.845722,1139.251554,1.807830,2.477424,0.005297,1.349161,-0.455289,0.875745,623.247070,8345.898438,15.863107,249.760651,1.108282,0.011974,0.003442,0.002787,0.001976,0.001642,0.001334,0.843797,0.116587,0.000000,0.000000,0.000000,0.000000
15.000000,0.000000,1.000000,0.000000,0.000000,0.000000,391.000000,283.000000,1725.000000,991.000000,1459.000000,930.000000,0.000000,0.000000,0.000000,493549.500000,1.911208,0.007626,0.670457,669.730530,1311.439697,14217.000000,14970.454426,677.463989,981.128508,385.038833,2.886659,6.407355,9.837587,11.017473,22.698099,-14.545164,21.445681,1.713371,0.063097,0.188176,0.080300,0.129048,0.080183,0.184214,0.210785,0.173763,0.025548,0.041200,0.027774,0.011659,0.053235,0.060830,0.062298,0.016576,0.029655,0.035576,0.029121,0.029778,0.052172,0.080329,0.032790,0.015265,60.875947,0.949718,605.356499,0.878639,50.604895,2360.550050,4.148825,4.693447,0.007315,1.130591,-0.724159,0.997446,3703.811768,28168.582031,14.974079,230.705368,2.546945,0.007391,0.005665,0.001530,0.001112,0.000932,0.000638,0.510825,0.257545,0.000000,0.000000,0.000000,0.000000
16.000000,0.000000,2.000000,0.000000,0.000000,0.000000,582.000000,608.000000,1087.000000,880.000000,1426.500000,1362.000000,0.000000,0.000000,0.000000,82270.000000,2.213873,0.009544,0.955595,218.458511,499.035522,1146.000000,1355.592050,246.427078,786.458551,134.722342,3.069348,6.489326,10.771832,11.649216,23.055777,15.367832,-22.972644,2.399647,0.082539,0.071046,0.074766,0.293941,0.224243,0.027864,0.068230,0.104597,0.042416,0.035744,0.040330,0.068913,0.137088,0.154864,0.130546,0.168656,0.105954,0.090942,0.077202,0.104455,0.025502,0.086419,0.099821,0.083569,42.441807,0.878157,174.125148,0.579068,15.834952,654.058783,4.478526,6.230788,0.003080,2.764479,-0.350463,0.961367,538.666687,4122.643066,14.912699,229.160324,2.610226,0.013257,0.012624,0.002301,0.001274,0.000954,0.000408,0.481210,0.442203,0.000000,0.000000,0.000000,0.000000
17.000000,0.000000,0.000000,0.000000,0.000000,0.000000,305.000000,544.000000,402.000000,705.000000,668.500000,1178.500000,0.000000,0.000000,0.000000,4785.000000,1.852963,0.045912,0.576471,83.197273,119.576294,614.000000,722.523947,71.197006,488.640879,137.618094,2.900751,6.218573,9.242937,10.030568,-19.716345,-13.172376,-20.014543,1.437027,0.087577,0.126974,0.206890,0.176384,0.018828,0.091553,0.049774,0.078470,0.071352,0.019854,0.032090,0.085761,0.033648,0.010676,0.025260,0.031742,0.059204,0.009807,0.029571,0.033290,0.041288,0.036227,0.015617,0.065190,222.585805,0.798602,552.208658,0.674144,30.666568,1986.248826,3.237147,4.780214,0.004215,2.741961,-0.336834,0.922423,61.243137,657.647461,15.790824,248.230255,1.972312,0.022860,0.012166,0.004546,0.002625,0.001665,0.001345,0.678812,0.259397,0.000000,0.000000,0.000000,0.000000
17.000000,0.000000,0.000000,0.000000,0.000000,0.000000,387.000000,541.000000,517.000000,655.000000,849.000000,1149.000000,0.000000,0.000000,0.000000,5094.500000,1.167890,0.033266,0.721141,79.680222,108.690094,439.000000,521.428494,60.353462,516.997722,83.805815,3.107890,7.092851,10.149790,12.315768,24.146131,15.972022,-23.562863,1.623112,0.004985,0.339341,0.097022,0.027896,0.093310,0.054654,0.065226,0.073337,0.030358,0.065990,0.065206,0.080939,0.071267,0.073147,0.018669,0.027392,0.045091,0.047613,0.041509,0.045179,0.073764,0.083128,0.034369,0.063720,135.055266,0.878400,555.098931,0.657392,33.805126,2085.340458,3.397276,4.962099,0.004521,2.705829,-0.342418,0.932483,58.117645,594.531311,15.732300,246.985687,2.054819,0.023887,0.015250,0.003171,0.001822,0.002362,0.000742,0.648246,0.283333,0.000000,0.000000,0.000000,0.000000
17.000000,0.000000,0.000000,0.000000,0.000000,0.000000,1450.000000,424.000000,1722.000000,697.000000,3046.000000,994.500000,0.000000,0.000000,0.000000,40073.000000,1.042905,0.026476,0.841092,214.335709,254.206589,1484.000000,1753.238800,137.674194,1085.005728,515.257682,3.171761,7.931313,10.511883,12.648249,24.246325,16.722864,-24.777885,1.218862,0.001643,0.210177,0.062425,0.031067,0.089354,0.058980,0.053098,0.025635,0.065990,0.031714,0.025084,0.047740,0.031650,0.024326,0.042321,0.117522,0.079304,0.033129,0.035323,0.005071,0.020988,0.050040,0.051248,0.025031,168.578671,0.841470,531.658881,0.486568,42.770601,1958.056852,4.862129,7.399138,0.001519,3.618875,-0.297212,0.956920,291.200012,2100.897461,15.405536,240.060089,2.999680,0.025224,0.012417,0.005521,0.002774,0.002343,0.001414,0.470992,0.452098,0.000000,0.000000,0.000000,0.000000
17.000000,0.000000,0.000000,0.000000,0.000000,0.000000,1638.000000,368.000000,1830.000000,490.000000,3382.000000,807.000000,0.000000,0.000000,0.000000,9716.000000,1.726363,0.037013,0.778276,87.234917,154.908417,724.000000,849.092489,90.946510,1088.043508,656.871318,3.121065,6.858187,11.035256,12.347415,-24.068578,-15.822908,24.484556,1.070996,0.018043,0.127022,0.118833,0.018748,0.022699,0.130562,0.059483,0.032363,0.044468,0.031324,0.025387,0.049935,0.054251,0.044324,0.037517,0.002242,0.011173,0.040684,0.031427,0.027897,0.043763,0.024529,0.052312,0.022012,200.202992,0.830493,590.431601,0.591439,39.048483,2161.523410,3.969571,5.985993,0.002563,3.176328,-0.313206,0.939053,91.858826,835.232605,15.666972,245.602646,2.440688,0.024505,0.012082,0.005080,0.002604,0.002561,0.001025,0.581711,0.349855,0.000000,0.000000,0.000000,0.000000
17.000000,0.000000,0.000000,0.000000,0.000000,0.000000,901.000000,0.000000,1401.000000,193.000000,2062.000000,91.500000,0.000000,0.000000,0.000000,59017.000000,2.631868,0.019016,0.734284,180.696625,510.937195,2112.000000,2417.689591,247.146317,609.808239,532.399992,2.897211,5.977177,10.175647,10.242824,20.459814,13.263773,21.179525,1.247134,0.034416,0.180658,0.098803,0.062485,0.032925,0.042291,0.055990,0.069258,0.019039,0.012412,0.028526,0.037690,0.057994,0.022843,0.027823,0.060703,0.064373,0.068621,0.055942,0.026749,0.046616,0.024674,0.057438,0.058865,133.328825,0.816697,363.771994,0.461555,36.596924,1321.759152,5.237380,7.851512,0.001768,3.648728,-0.307290,0.969210,378.431366,2309.622070,14.919471,229.734192,3.208006,0.028031,0.014373,0.005720,0.003513,0.003306,0.002104,0.400653,0.497409,0.000000,0.000000,0.000000,0.000000
18.000000,0.000000,0.000000,0.000000,0.000000,0.000000,144.000000,533.000000,503.000000,702.000000,477.500000,1160.500000,0.000000,0.000000,0.000000,29357.000000,2.629556,0.019713,0.839215,124.384338,348.434540,912.000000,1075.200134,171.260361,472.353070,170.350906,2.975528,6.174336,9.995269,11.012624,-21.704094,-14.227429,21.635476,1.175580,0.070635,0.018982,0.091042,0.045252,0.031828,0.089886,0.094531,0.057265,0.132566,0.085652,0.064410,0.021237,0.011560,0.049137,0.081482,0.048415,0.015818,0.046351,0.027440,0.030198,0.017684,0.017053,0.008550,0.018609,54.693107,0.910176,304.392643,0.657526,27.732528,1162.877465,4.262149,5.724607,0.003430,2.407986,-0.474903,0.985442,237.925491,1941.964233,15.377226,239.365677,2.589182,0.018098,0.006741,0.006098,0.004269,0.002802,0.001797,0.521946,0.383577,0.000000,0.000000,0.000000,0.000000
19.000000,0.000000,2.000000,0.000000,0.000000,0.000000,92.000000,398.000000,478.000000,937.000000,387.000000,1075.500000,0.000000,0.000000,0.000000,120383.500000,1.640733,0.022143,0.902784,310.217316,504.984192,1919.000000,2283.922127,268.265350,461.047681,240.857494,3.152938,7.014171,11.240187,12.705618,-24.799448,-16.336972,-24.863301,1.369999,0.032903,0.094801,0.054870,0.150518,0.064314,0.093980,0.104227,0.065747,0.017900,0.046753,0.037226,0.047312,0.041988,0.009869,0.039738,0.134910,0.107165,0.069294,0.029461,0.023848,0.008087,0.014855,0.062771,0.017464,46.527098,0.892188,215.759610,0.619327,22.105485,816.511341,4.792578,6.487775,0.002257,2.661792,-0.454025,0.988509,815.898010,5526.391602,14.790215,226.774368,2.902019,0.025248,0.006676,0.007652,0.006729,0.004730,0.003177,0.440165,0.452964,0.000000,0.000000,0.000000,0.000000
19.000000,0.000000,0.000000,0.000000,0.000000,0.000000,871.000000,371.000000,1052.000000,506.000000,1842.500000,819.500000,0.000000,0.000000,0.000000,6963.000000,1.026937,0.113812,0.566973,94.563309,137.624603,938.000000,1099.543280,80.322906,697.786780,264.805209,3.009986,6.602306,9.928222,11.947712,-22.886346,-15.272381,24.142207,1.762025,0.014158,0.283656,0.147189,0.048603,0.083484,0.125011,0.076720,0.107988,0.017577,0.085270,0.058871,0.024982,0.083277,0.042210,0.036143,0.041724,0.114071,0.023922,0.087973,0.048820,0.023757,0.104012,0.030214,0.052392,283.907188,0.813293,759.909076,0.697876,28.907894,2755.729117,3.364961,4.850882,0.002606,2.727792,-0.359623,0.937898,95.823532,1062.149048,15.841559,249.305511,2.033353,0.020094,0.006712,0.005975,0.004911,0.003520,0.002701,0.698875,0.238019,0.000000,0.000000,0.000000,0.000000
